BranchCode,BranchName,Instrument,SetCode,Role,Submitted,Total,Status
M001,AHILYADEVI HIGH SCHOOL FOR GIRLS,Intent Teacher EN,1234,Teacher,0,0,MISSING
M001,AHILYADEVI HIGH SCHOOL FOR GIRLS,Intent Teacher MR,103,Teacher,36,37,OK
M001,AHILYADEVI HIGH SCHOOL FOR GIRLS,Intent Leader EN,7890,Leader,0,1,MISSING
M001,AHILYADEVI HIGH SCHOOL FOR GIRLS,Intent Leader MR,104,Leader,3,5,OK
M001,AHILYADEVI HIGH SCHOOL FOR GIRLS,Baseline Teacher EN,base001,Teacher,14,14,OK
M001,AHILYADEVI HIGH SCHOOL FOR GIRLS,Baseline Teacher MR,base003,Teacher,26,26,OK
M001,AHILYADEVI HIGH SCHOOL FOR GIRLS,Baseline Leader EN,base002,Leader,1,2,OK
M001,AHILYADEVI HIGH SCHOOL FOR GIRLS,Baseline Leader MR,base004,Leader,3,3,OK
M001,AHILYADEVI HIGH SCHOOL FOR GIRLS,SRI Audit,SRI001,Leader,1,3,OK
M002,"BALAK MANDIR,SATARA",Intent Teacher EN,1234,Teacher,0,0,MISSING
M002,"BALAK MANDIR,SATARA",Intent Teacher MR,103,Teacher,8,8,OK
M002,"BALAK MANDIR,SATARA",Intent Leader EN,7890,Leader,0,0,MISSING
M002,"BALAK MANDIR,SATARA",Intent Leader MR,104,Leader,0,0,MISSING
M002,"BALAK MANDIR,SATARA",Baseline Teacher EN,base001,Teacher,1,1,OK
M002,"BALAK MANDIR,SATARA",Baseline Teacher MR,base003,Teacher,6,6,OK
M002,"BALAK MANDIR,SATARA",Baseline Leader EN,base002,Leader,0,0,MISSING
M002,"BALAK MANDIR,SATARA",Baseline Leader MR,base004,Leader,0,0,MISSING
M002,"BALAK MANDIR,SATARA",SRI Audit,SRI001,Leader,0,0,MISSING
M003,D.E.S. PRIMARY SCHOOL,Intent Teacher EN,1234,Teacher,15,16,OK
M003,D.E.S. PRIMARY SCHOOL,Intent Teacher MR,103,Teacher,16,17,OK
M003,D.E.S. PRIMARY SCHOOL,Intent Leader EN,7890,Leader,1,2,OK
M003,D.E.S. PRIMARY SCHOOL,Intent Leader MR,104,Leader,3,3,OK
M003,D.E.S. PRIMARY SCHOOL,Baseline Teacher EN,base001,Teacher,24,24,OK
M003,D.E.S. PRIMARY SCHOOL,Baseline Teacher MR,base003,Teacher,8,8,OK
M003,D.E.S. PRIMARY SCHOOL,Baseline Leader EN,base002,Leader,3,3,OK
M003,D.E.S. PRIMARY SCHOOL,Baseline Leader MR,base004,Leader,1,1,OK
M003,D.E.S. PRIMARY SCHOOL,SRI Audit,SRI001,Leader,2,2,OK
M004,D.E.S. SECONDARY SCHOOL,Intent Teacher EN,1234,Teacher,29,29,OK
M004,D.E.S. SECONDARY SCHOOL,Intent Teacher MR,103,Teacher,18,19,OK
M004,D.E.S. SECONDARY SCHOOL,Intent Leader EN,7890,Leader,1,5,OK
M004,D.E.S. SECONDARY SCHOOL,Intent Leader MR,104,Leader,5,6,OK
M004,D.E.S. SECONDARY SCHOOL,Baseline Teacher EN,base001,Teacher,37,37,OK
M004,D.E.S. SECONDARY SCHOOL,Baseline Teacher MR,base003,Teacher,13,13,OK
M004,D.E.S. SECONDARY SCHOOL,Baseline Leader EN,base002,Leader,4,4,OK
M004,D.E.S. SECONDARY SCHOOL,Baseline Leader MR,base004,Leader,1,2,OK
M004,D.E.S. SECONDARY SCHOOL,SRI Audit,SRI001,Leader,0,1,MISSING
M005,DATAR-SHENDURE ENGLISH MEDIUM PRE-PRIMAR,Intent Teacher EN,1234,Teacher,1,1,OK
M005,DATAR-SHENDURE ENGLISH MEDIUM PRE-PRIMAR,Intent Teacher MR,103,Teacher,3,3,OK
M005,DATAR-SHENDURE ENGLISH MEDIUM PRE-PRIMAR,Intent Leader EN,7890,Leader,0,0,MISSING
M005,DATAR-SHENDURE ENGLISH MEDIUM PRE-PRIMAR,Intent Leader MR,104,Leader,0,0,MISSING
M005,DATAR-SHENDURE ENGLISH MEDIUM PRE-PRIMAR,Baseline Teacher EN,base001,Teacher,1,1,OK
M005,DATAR-SHENDURE ENGLISH MEDIUM PRE-PRIMAR,Baseline Teacher MR,base003,Teacher,3,3,OK
M005,DATAR-SHENDURE ENGLISH MEDIUM PRE-PRIMAR,Baseline Leader EN,base002,Leader,0,0,MISSING
M005,DATAR-SHENDURE ENGLISH MEDIUM PRE-PRIMAR,Baseline Leader MR,base004,Leader,0,0,MISSING
M005,DATAR-SHENDURE ENGLISH MEDIUM PRE-PRIMAR,SRI Audit,SRI001,Leader,0,0,MISSING
M006,DATAR-SHENDURE ENGLISH MEDIUM PRIMARY SC,Intent Teacher EN,1234,Teacher,1,1,OK
M006,DATAR-SHENDURE ENGLISH MEDIUM PRIMARY SC,Intent Teacher MR,103,Teacher,7,7,OK
M006,DATAR-SHENDURE ENGLISH MEDIUM PRIMARY SC,Intent Leader EN,7890,Leader,0,0,MISSING
M006,DATAR-SHENDURE ENGLISH MEDIUM PRIMARY SC,Intent Leader MR,104,Leader,0,0,MISSING
M006,DATAR-SHENDURE ENGLISH MEDIUM PRIMARY SC,Baseline Teacher EN,base001,Teacher,6,6,OK
M006,DATAR-SHENDURE ENGLISH MEDIUM PRIMARY SC,Baseline Teacher MR,base003,Teacher,2,2,OK
M006,DATAR-SHENDURE ENGLISH MEDIUM PRIMARY SC,Baseline Leader EN,base002,Leader,0,0,MISSING
M006,DATAR-SHENDURE ENGLISH MEDIUM PRIMARY SC,Baseline Leader MR,base004,Leader,0,0,MISSING
M006,DATAR-SHENDURE ENGLISH MEDIUM PRIMARY SC,SRI Audit,SRI001,Leader,0,0,MISSING
M007,DATAR-SHENDURE ENGLISH MEDIUM SECONDARY,Intent Teacher EN,1234,Teacher,0,0,MISSING
M007,DATAR-SHENDURE ENGLISH MEDIUM SECONDARY,Intent Teacher MR,103,Teacher,4,5,OK
M007,DATAR-SHENDURE ENGLISH MEDIUM SECONDARY,Intent Leader EN,7890,Leader,0,1,MISSING
M007,DATAR-SHENDURE ENGLISH MEDIUM SECONDARY,Intent Leader MR,104,Leader,2,2,OK
M007,DATAR-SHENDURE ENGLISH MEDIUM SECONDARY,Baseline Teacher EN,base001,Teacher,2,2,OK
M007,DATAR-SHENDURE ENGLISH MEDIUM SECONDARY,Baseline Teacher MR,base003,Teacher,3,3,OK
M007,DATAR-SHENDURE ENGLISH MEDIUM SECONDARY,Baseline Leader EN,base002,Leader,1,1,OK
M007,DATAR-SHENDURE ENGLISH MEDIUM SECONDARY,Baseline Leader MR,base004,Leader,1,1,OK
M007,DATAR-SHENDURE ENGLISH MEDIUM SECONDARY,SRI Audit,SRI001,Leader,0,1,MISSING
M008,DES Demo,Intent Teacher EN,1234,Teacher,0,0,MISSING
M008,DES Demo,Intent Teacher MR,103,Teacher,0,1,MISSING
M008,DES Demo,Intent Leader EN,7890,Leader,0,1,MISSING
M008,DES Demo,Intent Leader MR,104,Leader,0,0,MISSING
M008,DES Demo,Baseline Teacher EN,base001,Teacher,0,0,MISSING
M008,DES Demo,Baseline Teacher MR,base003,Teacher,1,1,OK
M008,DES Demo,Baseline Leader EN,base002,Leader,0,1,MISSING
M008,DES Demo,Baseline Leader MR,base004,Leader,0,0,MISSING
M008,DES Demo,SRI Audit,SRI001,Leader,2,2,OK
M009,"DRAVID HIGH SCHOOL,WAI",Intent Teacher EN,1234,Teacher,2,2,OK
M009,"DRAVID HIGH SCHOOL,WAI",Intent Teacher MR,103,Teacher,35,36,OK
M009,"DRAVID HIGH SCHOOL,WAI",Intent Leader EN,7890,Leader,0,2,MISSING
M009,"DRAVID HIGH SCHOOL,WAI",Intent Leader MR,104,Leader,5,5,OK
M009,"DRAVID HIGH SCHOOL,WAI",Baseline Teacher EN,base001,Teacher,10,10,OK
M009,"DRAVID HIGH SCHOOL,WAI",Baseline Teacher MR,base003,Teacher,30,30,OK
M009,"DRAVID HIGH SCHOOL,WAI",Baseline Leader EN,base002,Leader,0,1,MISSING
M009,"DRAVID HIGH SCHOOL,WAI",Baseline Leader MR,base004,Leader,4,4,OK
M009,"DRAVID HIGH SCHOOL,WAI",SRI Audit,SRI001,Leader,2,2,OK
M010,"ENGLISH MEDIUM PRE – PRIMARY SCHOOL, SHI",Intent Teacher EN,1234,Teacher,0,0,MISSING
M010,"ENGLISH MEDIUM PRE – PRIMARY SCHOOL, SHI",Intent Teacher MR,103,Teacher,0,1,MISSING
M010,"ENGLISH MEDIUM PRE – PRIMARY SCHOOL, SHI",Intent Leader EN,7890,Leader,0,0,MISSING
M010,"ENGLISH MEDIUM PRE – PRIMARY SCHOOL, SHI",Intent Leader MR,104,Leader,0,0,MISSING
M010,"ENGLISH MEDIUM PRE – PRIMARY SCHOOL, SHI",Baseline Teacher EN,base001,Teacher,2,3,OK
M010,"ENGLISH MEDIUM PRE – PRIMARY SCHOOL, SHI",Baseline Teacher MR,base003,Teacher,0,0,MISSING
M010,"ENGLISH MEDIUM PRE – PRIMARY SCHOOL, SHI",Baseline Leader EN,base002,Leader,0,0,MISSING
M010,"ENGLISH MEDIUM PRE – PRIMARY SCHOOL, SHI",Baseline Leader MR,base004,Leader,0,0,MISSING
M010,"ENGLISH MEDIUM PRE – PRIMARY SCHOOL, SHI",SRI Audit,SRI001,Leader,0,0,MISSING
M011,"ENGLISH MEDIUM PRIMARY SCHOOL, SHIRUR",Intent Teacher EN,1234,Teacher,3,3,OK
M011,"ENGLISH MEDIUM PRIMARY SCHOOL, SHIRUR",Intent Teacher MR,103,Teacher,5,6,OK
M011,"ENGLISH MEDIUM PRIMARY SCHOOL, SHIRUR",Intent Leader EN,7890,Leader,0,0,MISSING
M011,"ENGLISH MEDIUM PRIMARY SCHOOL, SHIRUR",Intent Leader MR,104,Leader,1,1,OK
M011,"ENGLISH MEDIUM PRIMARY SCHOOL, SHIRUR",Baseline Teacher EN,base001,Teacher,2,3,OK
M011,"ENGLISH MEDIUM PRIMARY SCHOOL, SHIRUR",Baseline Teacher MR,base003,Teacher,0,0,MISSING
M011,"ENGLISH MEDIUM PRIMARY SCHOOL, SHIRUR",Baseline Leader EN,base002,Leader,0,0,MISSING
M011,"ENGLISH MEDIUM PRIMARY SCHOOL, SHIRUR",Baseline Leader MR,base004,Leader,0,1,MISSING
M011,"ENGLISH MEDIUM PRIMARY SCHOOL, SHIRUR",SRI Audit,SRI001,Leader,0,0,MISSING
M012,"ENGLISH MEDIUM SECONDARY SCHOOL, SHIRUR",Intent Teacher EN,1234,Teacher,0,0,MISSING
M012,"ENGLISH MEDIUM SECONDARY SCHOOL, SHIRUR",Intent Teacher MR,103,Teacher,1,1,OK
M012,"ENGLISH MEDIUM SECONDARY SCHOOL, SHIRUR",Intent Leader EN,7890,Leader,0,0,MISSING
M012,"ENGLISH MEDIUM SECONDARY SCHOOL, SHIRUR",Intent Leader MR,104,Leader,0,0,MISSING
M012,"ENGLISH MEDIUM SECONDARY SCHOOL, SHIRUR",Baseline Teacher EN,base001,Teacher,0,0,MISSING
M012,"ENGLISH MEDIUM SECONDARY SCHOOL, SHIRUR",Baseline Teacher MR,base003,Teacher,0,0,MISSING
M012,"ENGLISH MEDIUM SECONDARY SCHOOL, SHIRUR",Baseline Leader EN,base002,Leader,0,0,MISSING
M012,"ENGLISH MEDIUM SECONDARY SCHOOL, SHIRUR",Baseline Leader MR,base004,Leader,0,0,MISSING
M012,"ENGLISH MEDIUM SECONDARY SCHOOL, SHIRUR",SRI Audit,SRI001,Leader,1,1,OK
M013,HINDUSTAN ANTIBIOTICS SCHOOL (PRE-PRIMAR,Intent Teacher EN,1234,Teacher,0,0,MISSING
M013,HINDUSTAN ANTIBIOTICS SCHOOL (PRE-PRIMAR,Intent Teacher MR,103,Teacher,5,5,OK
M013,HINDUSTAN ANTIBIOTICS SCHOOL (PRE-PRIMAR,Intent Leader EN,7890,Leader,0,1,MISSING
M013,HINDUSTAN ANTIBIOTICS SCHOOL (PRE-PRIMAR,Intent Leader MR,104,Leader,0,1,MISSING
M013,HINDUSTAN ANTIBIOTICS SCHOOL (PRE-PRIMAR,Baseline Teacher EN,base001,Teacher,5,5,OK
M013,HINDUSTAN ANTIBIOTICS SCHOOL (PRE-PRIMAR,Baseline Teacher MR,base003,Teacher,1,1,OK
M013,HINDUSTAN ANTIBIOTICS SCHOOL (PRE-PRIMAR,Baseline Leader EN,base002,Leader,0,0,MISSING
M013,HINDUSTAN ANTIBIOTICS SCHOOL (PRE-PRIMAR,Baseline Leader MR,base004,Leader,1,1,OK
M013,HINDUSTAN ANTIBIOTICS SCHOOL (PRE-PRIMAR,SRI Audit,SRI001,Leader,0,0,MISSING
M014,HINDUSTAN ANTIBIOTICS SCHOOL (PRIMARY UN,Intent Teacher EN,1234,Teacher,5,5,OK
M014,HINDUSTAN ANTIBIOTICS SCHOOL (PRIMARY UN,Intent Teacher MR,103,Teacher,16,16,OK
M014,HINDUSTAN ANTIBIOTICS SCHOOL (PRIMARY UN,Intent Leader EN,7890,Leader,0,0,MISSING
M014,HINDUSTAN ANTIBIOTICS SCHOOL (PRIMARY UN,Intent Leader MR,104,Leader,1,2,OK
M014,HINDUSTAN ANTIBIOTICS SCHOOL (PRIMARY UN,Baseline Teacher EN,base001,Teacher,8,8,OK
M014,HINDUSTAN ANTIBIOTICS SCHOOL (PRIMARY UN,Baseline Teacher MR,base003,Teacher,13,13,OK
M014,HINDUSTAN ANTIBIOTICS SCHOOL (PRIMARY UN,Baseline Leader EN,base002,Leader,0,0,MISSING
M014,HINDUSTAN ANTIBIOTICS SCHOOL (PRIMARY UN,Baseline Leader MR,base004,Leader,0,0,MISSING
M014,HINDUSTAN ANTIBIOTICS SCHOOL (PRIMARY UN,SRI Audit,SRI001,Leader,0,0,MISSING
M015,HINDUSTAN ANTIBIOTICS SCHOOL (SECONDARY,Intent Teacher EN,1234,Teacher,6,6,OK
M015,HINDUSTAN ANTIBIOTICS SCHOOL (SECONDARY,Intent Teacher MR,103,Teacher,35,35,OK
M015,HINDUSTAN ANTIBIOTICS SCHOOL (SECONDARY,Intent Leader EN,7890,Leader,2,3,OK
M015,HINDUSTAN ANTIBIOTICS SCHOOL (SECONDARY,Intent Leader MR,104,Leader,2,2,OK
M015,HINDUSTAN ANTIBIOTICS SCHOOL (SECONDARY,Baseline Teacher EN,base001,Teacher,11,12,OK
M015,HINDUSTAN ANTIBIOTICS SCHOOL (SECONDARY,Baseline Teacher MR,base003,Teacher,27,27,OK
M015,HINDUSTAN ANTIBIOTICS SCHOOL (SECONDARY,Baseline Leader EN,base002,Leader,1,1,OK
M015,HINDUSTAN ANTIBIOTICS SCHOOL (SECONDARY,Baseline Leader MR,base004,Leader,3,3,OK
M015,HINDUSTAN ANTIBIOTICS SCHOOL (SECONDARY,SRI Audit,SRI001,Leader,1,1,OK
M016,MADHAV SADASHIV GOLWALKAR GURUJI MADHYAM,Intent Teacher EN,1234,Teacher,0,0,MISSING
M016,MADHAV SADASHIV GOLWALKAR GURUJI MADHYAM,Intent Teacher MR,103,Teacher,11,11,OK
M016,MADHAV SADASHIV GOLWALKAR GURUJI MADHYAM,Intent Leader EN,7890,Leader,0,0,MISSING
M016,MADHAV SADASHIV GOLWALKAR GURUJI MADHYAM,Intent Leader MR,104,Leader,2,2,OK
M016,MADHAV SADASHIV GOLWALKAR GURUJI MADHYAM,Baseline Teacher EN,base001,Teacher,0,0,MISSING
M016,MADHAV SADASHIV GOLWALKAR GURUJI MADHYAM,Baseline Teacher MR,base003,Teacher,11,11,OK
M016,MADHAV SADASHIV GOLWALKAR GURUJI MADHYAM,Baseline Leader EN,base002,Leader,0,0,MISSING
M016,MADHAV SADASHIV GOLWALKAR GURUJI MADHYAM,Baseline Leader MR,base004,Leader,2,2,OK
M016,MADHAV SADASHIV GOLWALKAR GURUJI MADHYAM,SRI Audit,SRI001,Leader,0,0,MISSING
M017,MADHAV SADASHIV GOLWALKAR GURUJI VIDYALA,Intent Teacher EN,1234,Teacher,1,1,OK
M017,MADHAV SADASHIV GOLWALKAR GURUJI VIDYALA,Intent Teacher MR,103,Teacher,22,22,OK
M017,MADHAV SADASHIV GOLWALKAR GURUJI VIDYALA,Intent Leader EN,7890,Leader,0,1,MISSING
M017,MADHAV SADASHIV GOLWALKAR GURUJI VIDYALA,Intent Leader MR,104,Leader,3,3,OK
M017,MADHAV SADASHIV GOLWALKAR GURUJI VIDYALA,Baseline Teacher EN,base001,Teacher,1,1,OK
M017,MADHAV SADASHIV GOLWALKAR GURUJI VIDYALA,Baseline Teacher MR,base003,Teacher,21,21,OK
M017,MADHAV SADASHIV GOLWALKAR GURUJI VIDYALA,Baseline Leader EN,base002,Leader,0,0,MISSING
M017,MADHAV SADASHIV GOLWALKAR GURUJI VIDYALA,Baseline Leader MR,base004,Leader,3,3,OK
M017,MADHAV SADASHIV GOLWALKAR GURUJI VIDYALA,SRI Audit,SRI001,Leader,2,2,OK
M018,MADHAV SADASHIV GOLWALKAR GURUJI VIDYALA,Intent Teacher EN,1234,Teacher,0,0,MISSING
M018,MADHAV SADASHIV GOLWALKAR GURUJI VIDYALA,Intent Teacher MR,103,Teacher,15,15,OK
M018,MADHAV SADASHIV GOLWALKAR GURUJI VIDYALA,Intent Leader EN,7890,Leader,0,0,MISSING
M018,MADHAV SADASHIV GOLWALKAR GURUJI VIDYALA,Intent Leader MR,104,Leader,2,2,OK
M018,MADHAV SADASHIV GOLWALKAR GURUJI VIDYALA,Baseline Teacher EN,base001,Teacher,1,1,OK
M018,MADHAV SADASHIV GOLWALKAR GURUJI VIDYALA,Baseline Teacher MR,base003,Teacher,15,15,OK
M018,MADHAV SADASHIV GOLWALKAR GURUJI VIDYALA,Baseline Leader EN,base002,Leader,1,1,OK
M018,MADHAV SADASHIV GOLWALKAR GURUJI VIDYALA,Baseline Leader MR,base004,Leader,1,1,OK
M018,MADHAV SADASHIV GOLWALKAR GURUJI VIDYALA,SRI Audit,SRI001,Leader,1,1,OK
M019,MATRUMANDIR SATARA,Intent Teacher EN,1234,Teacher,0,0,MISSING
M019,MATRUMANDIR SATARA,Intent Teacher MR,103,Teacher,1,1,OK
M019,MATRUMANDIR SATARA,Intent Leader EN,7890,Leader,0,0,MISSING
M019,MATRUMANDIR SATARA,Intent Leader MR,104,Leader,0,0,MISSING
M019,MATRUMANDIR SATARA,Baseline Teacher EN,base001,Teacher,0,0,MISSING
M019,MATRUMANDIR SATARA,Baseline Teacher MR,base003,Teacher,1,1,OK
M019,MATRUMANDIR SATARA,Baseline Leader EN,base002,Leader,0,0,MISSING
M019,MATRUMANDIR SATARA,Baseline Leader MR,base004,Leader,0,0,MISSING
M019,MATRUMANDIR SATARA,SRI Audit,SRI001,Leader,0,0,MISSING
M020,MURLIDHAR LOHIYA MATRU MANDIR (D.E.S. PR,Intent Teacher EN,1234,Teacher,27,27,OK
M020,MURLIDHAR LOHIYA MATRU MANDIR (D.E.S. PR,Intent Teacher MR,103,Teacher,6,6,OK
M020,MURLIDHAR LOHIYA MATRU MANDIR (D.E.S. PR,Intent Leader EN,7890,Leader,2,3,OK
M020,MURLIDHAR LOHIYA MATRU MANDIR (D.E.S. PR,Intent Leader MR,104,Leader,3,3,OK
M020,MURLIDHAR LOHIYA MATRU MANDIR (D.E.S. PR,Baseline Teacher EN,base001,Teacher,27,27,OK
M020,MURLIDHAR LOHIYA MATRU MANDIR (D.E.S. PR,Baseline Teacher MR,base003,Teacher,5,5,OK
M020,MURLIDHAR LOHIYA MATRU MANDIR (D.E.S. PR,Baseline Leader EN,base002,Leader,1,1,OK
M020,MURLIDHAR LOHIYA MATRU MANDIR (D.E.S. PR,Baseline Leader MR,base004,Leader,1,1,OK
M020,MURLIDHAR LOHIYA MATRU MANDIR (D.E.S. PR,SRI Audit,SRI001,Leader,0,0,MISSING
M021,"NAVIN MARATHI SHALA, SATARA",Intent Teacher EN,1234,Teacher,0,0,MISSING
M021,"NAVIN MARATHI SHALA, SATARA",Intent Teacher MR,103,Teacher,13,13,OK
M021,"NAVIN MARATHI SHALA, SATARA",Intent Leader EN,7890,Leader,0,1,MISSING
M021,"NAVIN MARATHI SHALA, SATARA",Intent Leader MR,104,Leader,2,2,OK
M021,"NAVIN MARATHI SHALA, SATARA",Baseline Teacher EN,base001,Teacher,4,4,OK
M021,"NAVIN MARATHI SHALA, SATARA",Baseline Teacher MR,base003,Teacher,9,9,OK
M021,"NAVIN MARATHI SHALA, SATARA",Baseline Leader EN,base002,Leader,0,0,MISSING
M021,"NAVIN MARATHI SHALA, SATARA",Baseline Leader MR,base004,Leader,2,2,OK
M021,"NAVIN MARATHI SHALA, SATARA",SRI Audit,SRI001,Leader,2,2,OK
M022,"NAVIN MARATHI SHALA,PUNE",Intent Teacher EN,1234,Teacher,0,0,MISSING
M022,"NAVIN MARATHI SHALA,PUNE",Intent Teacher MR,103,Teacher,22,22,OK
M022,"NAVIN MARATHI SHALA,PUNE",Intent Leader EN,7890,Leader,0,1,MISSING
M022,"NAVIN MARATHI SHALA,PUNE",Intent Leader MR,104,Leader,1,1,OK
M022,"NAVIN MARATHI SHALA,PUNE",Baseline Teacher EN,base001,Teacher,1,1,OK
M022,"NAVIN MARATHI SHALA,PUNE",Baseline Teacher MR,base003,Teacher,22,22,OK
M022,"NAVIN MARATHI SHALA,PUNE",Baseline Leader EN,base002,Leader,1,1,OK
M022,"NAVIN MARATHI SHALA,PUNE",Baseline Leader MR,base004,Leader,1,1,OK
M022,"NAVIN MARATHI SHALA,PUNE",SRI Audit,SRI001,Leader,1,1,OK
M023,NEW ENGLISH MEDIUM SCHOOL (PRE-PRIMARY U,Intent Teacher EN,1234,Teacher,3,3,OK
M023,NEW ENGLISH MEDIUM SCHOOL (PRE-PRIMARY U,Intent Teacher MR,103,Teacher,2,3,OK
M023,NEW ENGLISH MEDIUM SCHOOL (PRE-PRIMARY U,Intent Leader EN,7890,Leader,1,1,OK
M023,NEW ENGLISH MEDIUM SCHOOL (PRE-PRIMARY U,Intent Leader MR,104,Leader,2,2,OK
M023,NEW ENGLISH MEDIUM SCHOOL (PRE-PRIMARY U,Baseline Teacher EN,base001,Teacher,7,7,OK
M023,NEW ENGLISH MEDIUM SCHOOL (PRE-PRIMARY U,Baseline Teacher MR,base003,Teacher,0,0,MISSING
M023,NEW ENGLISH MEDIUM SCHOOL (PRE-PRIMARY U,Baseline Leader EN,base002,Leader,1,1,OK
M023,NEW ENGLISH MEDIUM SCHOOL (PRE-PRIMARY U,Baseline Leader MR,base004,Leader,0,0,MISSING
M023,NEW ENGLISH MEDIUM SCHOOL (PRE-PRIMARY U,SRI Audit,SRI001,Leader,1,1,OK
M024,NEW ENGLISH MEDIUM SCHOOL (PRIMARY UNIT),Intent Teacher EN,1234,Teacher,10,10,OK
M024,NEW ENGLISH MEDIUM SCHOOL (PRIMARY UNIT),Intent Teacher MR,103,Teacher,10,10,OK
M024,NEW ENGLISH MEDIUM SCHOOL (PRIMARY UNIT),Intent Leader EN,7890,Leader,2,4,OK
M024,NEW ENGLISH MEDIUM SCHOOL (PRIMARY UNIT),Intent Leader MR,104,Leader,3,4,OK
M024,NEW ENGLISH MEDIUM SCHOOL (PRIMARY UNIT),Baseline Teacher EN,base001,Teacher,11,11,OK
M024,NEW ENGLISH MEDIUM SCHOOL (PRIMARY UNIT),Baseline Teacher MR,base003,Teacher,10,10,OK
M024,NEW ENGLISH MEDIUM SCHOOL (PRIMARY UNIT),Baseline Leader EN,base002,Leader,1,1,OK
M024,NEW ENGLISH MEDIUM SCHOOL (PRIMARY UNIT),Baseline Leader MR,base004,Leader,1,1,OK
M024,NEW ENGLISH MEDIUM SCHOOL (PRIMARY UNIT),SRI Audit,SRI001,Leader,1,2,OK
M025,NEW ENGLISH MEDIUM SCHOOL SECONDARY SCHO,Intent Teacher EN,1234,Teacher,1,1,OK
M025,NEW ENGLISH MEDIUM SCHOOL SECONDARY SCHO,Intent Teacher MR,103,Teacher,3,3,OK
M025,NEW ENGLISH MEDIUM SCHOOL SECONDARY SCHO,Intent Leader EN,7890,Leader,1,1,OK
M025,NEW ENGLISH MEDIUM SCHOOL SECONDARY SCHO,Intent Leader MR,104,Leader,2,2,OK
M025,NEW ENGLISH MEDIUM SCHOOL SECONDARY SCHO,Baseline Teacher EN,base001,Teacher,4,4,OK
M025,NEW ENGLISH MEDIUM SCHOOL SECONDARY SCHO,Baseline Teacher MR,base003,Teacher,1,1,OK
M025,NEW ENGLISH MEDIUM SCHOOL SECONDARY SCHO,Baseline Leader EN,base002,Leader,2,2,OK
M025,NEW ENGLISH MEDIUM SCHOOL SECONDARY SCHO,Baseline Leader MR,base004,Leader,1,1,OK
M025,NEW ENGLISH MEDIUM SCHOOL SECONDARY SCHO,SRI Audit,SRI001,Leader,1,1,OK
M026,"NEW ENGLISH SCHOOL, RAMANBAG",Intent Teacher EN,1234,Teacher,3,3,OK
M026,"NEW ENGLISH SCHOOL, RAMANBAG",Intent Teacher MR,103,Teacher,45,46,OK
M026,"NEW ENGLISH SCHOOL, RAMANBAG",Intent Leader EN,7890,Leader,3,4,OK
M026,"NEW ENGLISH SCHOOL, RAMANBAG",Intent Leader MR,104,Leader,5,5,OK
M026,"NEW ENGLISH SCHOOL, RAMANBAG",Baseline Teacher EN,base001,Teacher,8,9,OK
M026,"NEW ENGLISH SCHOOL, RAMANBAG",Baseline Teacher MR,base003,Teacher,33,35,OK
M026,"NEW ENGLISH SCHOOL, RAMANBAG",Baseline Leader EN,base002,Leader,0,0,MISSING
M026,"NEW ENGLISH SCHOOL, RAMANBAG",Baseline Leader MR,base004,Leader,4,4,OK
M026,"NEW ENGLISH SCHOOL, RAMANBAG",SRI Audit,SRI001,Leader,1,1,OK
M027,"NEW ENGLISH SCHOOL, SATARA",Intent Teacher EN,1234,Teacher,4,4,OK
M027,"NEW ENGLISH SCHOOL, SATARA",Intent Teacher MR,103,Teacher,61,61,OK
M027,"NEW ENGLISH SCHOOL, SATARA",Intent Leader EN,7890,Leader,2,3,OK
M027,"NEW ENGLISH SCHOOL, SATARA",Intent Leader MR,104,Leader,4,6,OK
M027,"NEW ENGLISH SCHOOL, SATARA",Baseline Teacher EN,base001,Teacher,23,24,OK
M027,"NEW ENGLISH SCHOOL, SATARA",Baseline Teacher MR,base003,Teacher,34,34,OK
M027,"NEW ENGLISH SCHOOL, SATARA",Baseline Leader EN,base002,Leader,1,1,OK
M027,"NEW ENGLISH SCHOOL, SATARA",Baseline Leader MR,base004,Leader,3,3,OK
M027,"NEW ENGLISH SCHOOL, SATARA",SRI Audit,SRI001,Leader,2,2,OK
M028,"NEW ENGLISH SCHOOL,TILAK ROAD",Intent Teacher EN,1234,Teacher,3,4,OK
M028,"NEW ENGLISH SCHOOL,TILAK ROAD",Intent Teacher MR,103,Teacher,29,29,OK
M028,"NEW ENGLISH SCHOOL,TILAK ROAD",Intent Leader EN,7890,Leader,3,3,OK
M028,"NEW ENGLISH SCHOOL,TILAK ROAD",Intent Leader MR,104,Leader,6,7,OK
M028,"NEW ENGLISH SCHOOL,TILAK ROAD",Baseline Teacher EN,base001,Teacher,12,12,OK
M028,"NEW ENGLISH SCHOOL,TILAK ROAD",Baseline Teacher MR,base003,Teacher,19,19,OK
M028,"NEW ENGLISH SCHOOL,TILAK ROAD",Baseline Leader EN,base002,Leader,2,2,OK
M028,"NEW ENGLISH SCHOOL,TILAK ROAD",Baseline Leader MR,base004,Leader,2,2,OK
M028,"NEW ENGLISH SCHOOL,TILAK ROAD",SRI Audit,SRI001,Leader,0,0,MISSING
M029,NYA.RANADE BALAK MANDIR,Intent Teacher EN,1234,Teacher,0,0,MISSING
M029,NYA.RANADE BALAK MANDIR,Intent Teacher MR,103,Teacher,13,13,OK
M029,NYA.RANADE BALAK MANDIR,Intent Leader EN,7890,Leader,0,1,MISSING
M029,NYA.RANADE BALAK MANDIR,Intent Leader MR,104,Leader,1,1,OK
M029,NYA.RANADE BALAK MANDIR,Baseline Teacher EN,base001,Teacher,3,3,OK
M029,NYA.RANADE BALAK MANDIR,Baseline Teacher MR,base003,Teacher,10,10,OK
M029,NYA.RANADE BALAK MANDIR,Baseline Leader EN,base002,Leader,0,0,MISSING
M029,NYA.RANADE BALAK MANDIR,Baseline Leader MR,base004,Leader,1,1,OK
M029,NYA.RANADE BALAK MANDIR,SRI Audit,SRI001,Leader,0,0,MISSING
M030,RAMESH GARWARE SCHOOL (PRE-PRIMARY UNIT),Intent Teacher EN,1234,Teacher,0,0,MISSING
M030,RAMESH GARWARE SCHOOL (PRE-PRIMARY UNIT),Intent Teacher MR,103,Teacher,4,4,OK
M030,RAMESH GARWARE SCHOOL (PRE-PRIMARY UNIT),Intent Leader EN,7890,Leader,0,0,MISSING
M030,RAMESH GARWARE SCHOOL (PRE-PRIMARY UNIT),Intent Leader MR,104,Leader,0,0,MISSING
M030,RAMESH GARWARE SCHOOL (PRE-PRIMARY UNIT),Baseline Teacher EN,base001,Teacher,1,1,OK
M030,RAMESH GARWARE SCHOOL (PRE-PRIMARY UNIT),Baseline Teacher MR,base003,Teacher,0,0,MISSING
M030,RAMESH GARWARE SCHOOL (PRE-PRIMARY UNIT),Baseline Leader EN,base002,Leader,0,0,MISSING
M030,RAMESH GARWARE SCHOOL (PRE-PRIMARY UNIT),Baseline Leader MR,base004,Leader,0,0,MISSING
M030,RAMESH GARWARE SCHOOL (PRE-PRIMARY UNIT),SRI Audit,SRI001,Leader,0,0,MISSING
M031,"RAMESH GARWARE SCHOOL (PRIMARY UNIT), WA",Intent Teacher EN,1234,Teacher,0,0,MISSING
M031,"RAMESH GARWARE SCHOOL (PRIMARY UNIT), WA",Intent Teacher MR,103,Teacher,9,9,OK
M031,"RAMESH GARWARE SCHOOL (PRIMARY UNIT), WA",Intent Leader EN,7890,Leader,1,2,OK
M031,"RAMESH GARWARE SCHOOL (PRIMARY UNIT), WA",Intent Leader MR,104,Leader,0,1,MISSING
M031,"RAMESH GARWARE SCHOOL (PRIMARY UNIT), WA",Baseline Teacher EN,base001,Teacher,4,4,OK
M031,"RAMESH GARWARE SCHOOL (PRIMARY UNIT), WA",Baseline Teacher MR,base003,Teacher,5,5,OK
M031,"RAMESH GARWARE SCHOOL (PRIMARY UNIT), WA",Baseline Leader EN,base002,Leader,0,0,MISSING
M031,"RAMESH GARWARE SCHOOL (PRIMARY UNIT), WA",Baseline Leader MR,base004,Leader,2,2,OK
M031,"RAMESH GARWARE SCHOOL (PRIMARY UNIT), WA",SRI Audit,SRI001,Leader,0,0,MISSING
M032,"RAMESH GARWARE SCHOOL (SECONDARY UNIT),",Intent Teacher EN,1234,Teacher,1,1,OK
M032,"RAMESH GARWARE SCHOOL (SECONDARY UNIT),",Intent Teacher MR,103,Teacher,2,2,OK
M032,"RAMESH GARWARE SCHOOL (SECONDARY UNIT),",Intent Leader EN,7890,Leader,0,0,MISSING
M032,"RAMESH GARWARE SCHOOL (SECONDARY UNIT),",Intent Leader MR,104,Leader,0,0,MISSING
M032,"RAMESH GARWARE SCHOOL (SECONDARY UNIT),",Baseline Teacher EN,base001,Teacher,2,2,OK
M032,"RAMESH GARWARE SCHOOL (SECONDARY UNIT),",Baseline Teacher MR,base003,Teacher,1,1,OK
M032,"RAMESH GARWARE SCHOOL (SECONDARY UNIT),",Baseline Leader EN,base002,Leader,0,0,MISSING
M032,"RAMESH GARWARE SCHOOL (SECONDARY UNIT),",Baseline Leader MR,base004,Leader,0,0,MISSING
M032,"RAMESH GARWARE SCHOOL (SECONDARY UNIT),",SRI Audit,SRI001,Leader,0,0,MISSING
M033,SHRI KANTILAL PURUSHOTTAMDAS SHAH BALAK,Intent Teacher EN,1234,Teacher,0,0,MISSING
M033,SHRI KANTILAL PURUSHOTTAMDAS SHAH BALAK,Intent Teacher MR,103,Teacher,2,2,OK
M033,SHRI KANTILAL PURUSHOTTAMDAS SHAH BALAK,Intent Leader EN,7890,Leader,0,0,MISSING
M033,SHRI KANTILAL PURUSHOTTAMDAS SHAH BALAK,Intent Leader MR,104,Leader,1,1,OK
M033,SHRI KANTILAL PURUSHOTTAMDAS SHAH BALAK,Baseline Teacher EN,base001,Teacher,1,1,OK
M033,SHRI KANTILAL PURUSHOTTAMDAS SHAH BALAK,Baseline Teacher MR,base003,Teacher,2,2,OK
M033,SHRI KANTILAL PURUSHOTTAMDAS SHAH BALAK,Baseline Leader EN,base002,Leader,0,0,MISSING
M033,SHRI KANTILAL PURUSHOTTAMDAS SHAH BALAK,Baseline Leader MR,base004,Leader,1,1,OK
M033,SHRI KANTILAL PURUSHOTTAMDAS SHAH BALAK,SRI Audit,SRI001,Leader,0,0,MISSING
M034,SHRI KANTILAL PURUSHOTTAMDAS SHAH PRASHA,Intent Teacher EN,1234,Teacher,0,0,MISSING
M034,SHRI KANTILAL PURUSHOTTAMDAS SHAH PRASHA,Intent Teacher MR,103,Teacher,4,4,OK
M034,SHRI KANTILAL PURUSHOTTAMDAS SHAH PRASHA,Intent Leader EN,7890,Leader,0,0,MISSING
M034,SHRI KANTILAL PURUSHOTTAMDAS SHAH PRASHA,Intent Leader MR,104,Leader,2,2,OK
M034,SHRI KANTILAL PURUSHOTTAMDAS SHAH PRASHA,Baseline Teacher EN,base001,Teacher,1,1,OK
M034,SHRI KANTILAL PURUSHOTTAMDAS SHAH PRASHA,Baseline Teacher MR,base003,Teacher,2,2,OK
M034,SHRI KANTILAL PURUSHOTTAMDAS SHAH PRASHA,Baseline Leader EN,base002,Leader,1,1,OK
M034,SHRI KANTILAL PURUSHOTTAMDAS SHAH PRASHA,Baseline Leader MR,base004,Leader,0,0,MISSING
M034,SHRI KANTILAL PURUSHOTTAMDAS SHAH PRASHA,SRI Audit,SRI001,Leader,0,0,MISSING
M035,SHRI KANTILAL PURUSHOTTAMDAS SHAH PRASHA,Intent Teacher EN,1234,Teacher,0,0,MISSING
M035,SHRI KANTILAL PURUSHOTTAMDAS SHAH PRASHA,Intent Teacher MR,103,Teacher,8,8,OK
M035,SHRI KANTILAL PURUSHOTTAMDAS SHAH PRASHA,Intent Leader EN,7890,Leader,0,0,MISSING
M035,SHRI KANTILAL PURUSHOTTAMDAS SHAH PRASHA,Intent Leader MR,104,Leader,1,2,OK
M035,SHRI KANTILAL PURUSHOTTAMDAS SHAH PRASHA,Baseline Teacher EN,base001,Teacher,4,4,OK
M035,SHRI KANTILAL PURUSHOTTAMDAS SHAH PRASHA,Baseline Teacher MR,base003,Teacher,3,3,OK
M035,SHRI KANTILAL PURUSHOTTAMDAS SHAH PRASHA,Baseline Leader EN,base002,Leader,1,1,OK
M035,SHRI KANTILAL PURUSHOTTAMDAS SHAH PRASHA,Baseline Leader MR,base004,Leader,0,0,MISSING
M035,SHRI KANTILAL PURUSHOTTAMDAS SHAH PRASHA,SRI Audit,SRI001,Leader,0,0,MISSING
M036,SHRI KANTILAL PURUSHOTTAMDAS SHAH PRASHA,Intent Teacher EN,1234,Teacher,5,5,OK
M036,SHRI KANTILAL PURUSHOTTAMDAS SHAH PRASHA,Intent Teacher MR,103,Teacher,21,21,OK
M036,SHRI KANTILAL PURUSHOTTAMDAS SHAH PRASHA,Intent Leader EN,7890,Leader,0,1,MISSING
M036,SHRI KANTILAL PURUSHOTTAMDAS SHAH PRASHA,Intent Leader MR,104,Leader,5,6,OK
M036,SHRI KANTILAL PURUSHOTTAMDAS SHAH PRASHA,Baseline Teacher EN,base001,Teacher,9,13,OK
M036,SHRI KANTILAL PURUSHOTTAMDAS SHAH PRASHA,Baseline Teacher MR,base003,Teacher,14,14,OK
M036,SHRI KANTILAL PURUSHOTTAMDAS SHAH PRASHA,Baseline Leader EN,base002,Leader,3,3,OK
M036,SHRI KANTILAL PURUSHOTTAMDAS SHAH PRASHA,Baseline Leader MR,base004,Leader,2,3,OK
M036,SHRI KANTILAL PURUSHOTTAMDAS SHAH PRASHA,SRI Audit,SRI001,Leader,1,1,OK
M037,SHRI. KANTILAL PURUSHOTTAMDAS SHAH BALAK,Intent Teacher EN,1234,Teacher,0,0,MISSING
M037,SHRI. KANTILAL PURUSHOTTAMDAS SHAH BALAK,Intent Teacher MR,103,Teacher,4,4,OK
M037,SHRI. KANTILAL PURUSHOTTAMDAS SHAH BALAK,Intent Leader EN,7890,Leader,0,1,MISSING
M037,SHRI. KANTILAL PURUSHOTTAMDAS SHAH BALAK,Intent Leader MR,104,Leader,1,1,OK
M037,SHRI. KANTILAL PURUSHOTTAMDAS SHAH BALAK,Baseline Teacher EN,base001,Teacher,1,1,OK
M037,SHRI. KANTILAL PURUSHOTTAMDAS SHAH BALAK,Baseline Teacher MR,base003,Teacher,2,2,OK
M037,SHRI. KANTILAL PURUSHOTTAMDAS SHAH BALAK,Baseline Leader EN,base002,Leader,0,0,MISSING
M037,SHRI. KANTILAL PURUSHOTTAMDAS SHAH BALAK,Baseline Leader MR,base004,Leader,0,0,MISSING
M037,SHRI. KANTILAL PURUSHOTTAMDAS SHAH BALAK,SRI Audit,SRI001,Leader,0,0,MISSING
M038,SHRI. KANTILAL PURUSHOTTAMDAS SHAH PRASH,Intent Teacher EN,1234,Teacher,0,0,MISSING
M038,SHRI. KANTILAL PURUSHOTTAMDAS SHAH PRASH,Intent Teacher MR,103,Teacher,7,7,OK
M038,SHRI. KANTILAL PURUSHOTTAMDAS SHAH PRASH,Intent Leader EN,7890,Leader,0,0,MISSING
M038,SHRI. KANTILAL PURUSHOTTAMDAS SHAH PRASH,Intent Leader MR,104,Leader,1,1,OK
M038,SHRI. KANTILAL PURUSHOTTAMDAS SHAH PRASH,Baseline Teacher EN,base001,Teacher,1,1,OK
M038,SHRI. KANTILAL PURUSHOTTAMDAS SHAH PRASH,Baseline Teacher MR,base003,Teacher,7,7,OK
M038,SHRI. KANTILAL PURUSHOTTAMDAS SHAH PRASH,Baseline Leader EN,base002,Leader,0,0,MISSING
M038,SHRI. KANTILAL PURUSHOTTAMDAS SHAH PRASH,Baseline Leader MR,base004,Leader,1,1,OK
M038,SHRI. KANTILAL PURUSHOTTAMDAS SHAH PRASH,SRI Audit,SRI001,Leader,0,0,MISSING
